BLOG POST INVENTORY: All Published & Planned Posts,,,,,,,,,,,,,,,,,,,,,,,,,,
"Every blog post on sellingpdxhomes.com with multi-category assignments (up to 3), primary keywords, and content clusters. Action items sort to top (red=delete, orange=planned, green=published). Status column drives sort order.",,,,,,,,,,,,,,,,,,,,,,,,,,
Category,City/Location Segment,Article Title,Full URL,City & Neighborhood Description for the listing sheets,Meta Title,Meta Description,Meta Keywords,Category 1,Category 2,Category 3,Category 1 URL,Status,Primary Keyword,Content Cluster,,,,,,,,,,,,
Blog,Tualatin/Tigard,From Intel to Nike: Tech Corridor Property Values (Version 2),https://www.sellingpdxhomes.com/blog/intel-nike-tech-corridor-tualatian-tigard,,From Intel to Nike: Tech Corridor Reshaping Tualatin & Tigard Property Values,The West Side tech corridor from Intel to Nike is reshaping property values in Tualatin and Tigard. Here's what the data shows and what it means for buyers.,,Community Page,Real Estate News,,https://www.sellingpdxhomes.com/blog?categoryId=22424,DELETE 1 DUPLICATE,tech corridor property values Tualatin Tigard,City Guide: Tualatin,,,,,,,,,,,,
Blog,Beaverton,Open Houses in Beaverton: 7 Mistakes Buyers Are Making Right Now,https://www.sellingpdxhomes.com/blog/20-Unique-Home-Gifts-for-Every-Person-on-Your-List,,Open Houses in Beaverton: 7 Buyer Mistakes to Avoid | Saling Homes,Attending open houses in Beaverton? Avoid these 7 common buyer mistakes that cost money and leverage. Tips from a local Portland metro real estate agent.,,Buying a Home,Community Page,,https://www.sellingpdxhomes.com/blog?categoryId=21716,Planned,open houses Beaverton Oregon,City Guide: Beaverton,,,,,,,,,,,,
Blog,Blog,7 Questions Before Moving,https://www.sellingpdxhomes.com/blog/Thinking-About-a-Move-in-2026-Ask-Yourself-These-7-Questions-First,,Thinking of Moving in 2026? Ask These 7 Questions,"Before you list or start searching, these 7 questions will tell you if 2026 is actually the right time to make your move in the Portland area.",,Buying a Home,Home Buying Process,,https://www.sellingpdxhomes.com/blog?categoryId=21716,Published,moving to Portland Oregon,Buyer Education Hub,,,,,,,,,,,,
Blog,Blog,Buy Now or Rent Longer?,https://www.sellingpdxhomes.com/blog/Buy-Now-or-Rent-Longer-5-Questions-to-Answer-Before-Purchasing-Your-First-Home,,Buy Now or Rent Longer? 5 Questions to Answer First,Should you buy now or keep renting? These 5 questions help first-time Portland buyers figure out if the timing is actually right for them financially.,,Buying a Home,Mortgage Information,,https://www.sellingpdxhomes.com/blog?categoryId=21716,Published,rent vs buy Portland,Buyer Education Hub,,,,,,,,,,,,
Blog,Blog,Mortgage vs. Ownership Costs,https://www.sellingpdxhomes.com/blog/Mortgage-vs-Ownership-Costs-What-Buyers-Need-To-Budget-Beyond-Payment,,True Cost of Owning a Home Beyond Your Mortgage,Your mortgage is just the start. Learn what Portland buyers actually budget for beyond their monthly payment so you're never caught off guard after closing.,,Buying a Home,Mortgage Information,Homeownership,https://www.sellingpdxhomes.com/blog?categoryId=21716,Published,homeownership costs Portland,Buyer Education Hub,,,,,,,,,,,,
Blog,Multigenerational,Multigenerational Home Guide,https://www.sellingpdxhomes.com/blog/multigenerational-home-buying-guide,,"Multigenerational Home Buying Guide | Portland, OR","Buying a home for multiple generations? Learn how to find the right floor plan, ADU options, and loan strategies for multigenerational living in Portland.",,Buying a Home,Home Buying Process,,https://www.sellingpdxhomes.com/blog?categoryId=21716,Published,multigenerational homes Portland,Buyer Education Hub,,,,,,,,,,,,
Blog,Multigenerational,Multigenerational Living PDX,https://www.sellingpdxhomes.com/blog/Could-a-Portland-multigenerational-Home-Be-the-Right-Fit-for-You,,Is a Multigenerational Home Right for Your Family?,More Portland families are combining households. Find out if a multigenerational home setup makes financial and lifestyle sense for your situation.,,Buying a Home,Community Page,,https://www.sellingpdxhomes.com/blog?categoryId=21716,Published,multigenerational living Portland,Buyer Education Hub,,,,,,,,,,,,
Blog,Blog,"The $23,000 January Advantage",https://www.sellingpdxhomes.com/blog/January-Could-Save-You-23000-Why-Portland-Buyers-Have-Rare-Advantage,,How January Buyers Save $23K in Portland Real Estate,January is one of the best-kept secrets in Portland real estate. Find out why buyers who act in winter often save thousands compared to spring competitors.,,Buying a Home,Market Update,,https://www.sellingpdxhomes.com/blog?categoryId=21716,Published,buy home January Portland,Buyer Education Hub,,,,,,,,,,,,
Blog,Tualatin,"The Ultimate Guide to Single Level Homes for Sale in Tualatin, Oregon",https://www.sellingpdxhomes.com/blog/The-Ultimate-Guide-to-Single-Level-Homes-for-Sale-in-Tualatin-Oregon,,"Single Level Homes for Sale in Tualatin, Oregon | Complete Guide","Looking for single level homes in Tualatin, Oregon? Explore neighborhoods, price ranges, and what to expect when buying a one-story home in the Portland metro.",,Buying a Home,Community Page,Downsizing,https://www.sellingpdxhomes.com/blog?categoryId=21716,Published,single level homes Tualatin Oregon,City Guide: Tualatin,,,,,,,,,,,,
Blog,Home Buying,Wants vs. Needs: Homebuyers,https://www.sellingpdxhomes.com/blog/Balancing-Your-Wants-and-Needs-as-a-Homebuyer-This-Spring,,Balancing Wants vs. Needs as a Portland Homebuyer,"In a competitive market, knowing what you truly need vs. what you just want is the key to making smart offers. Here's a framework to help you decide.",,Buying a Home,Home Buying Process,,https://www.sellingpdxhomes.com/blog?categoryId=21716,Published,home buying priorities,Buyer Education Hub,,,,,,,,,,,,
Blog,Condos,Why Consider Condos?,https://www.sellingpdxhomes.com/blog/Reasons-To-Consider-Condos-in-Your-Home-Search,,Why You Should Consider Condos in Your Home Search,"Condos get overlooked, but they shouldn't be. Find out why Portland condos might check more boxes than you think, especially for first-time buyers and...",,Buying a Home,,,https://www.sellingpdxhomes.com/blog?categoryId=21716,Published,Portland condos for sale,Buyer Education Hub,,,,,,,,,,,,
Blog,Blog,Winning Offer Strategies,https://www.sellingpdxhomes.com/blog/5-Ways-to-Write-a-Winning-Offer,,"5 Ways to Write a Winning Offer in Portland, OR","In a competitive market, how you write your offer matters as much as price. These 5 strategies help Portland buyers stand out and win in low-inventory...",,Buying a Home,Home Buying Process,,https://www.sellingpdxhomes.com/blog?categoryId=21716,Published,how to win offer Portland,Buyer Education Hub,,,,,,,,,,,,
Blog,Beaverton,Beaverton Real Estate Guide,https://www.sellingpdxhomes.com/blog/beaverton-oregon-real-estate-lifestyle-guide,,"Beaverton, OR Real Estate & Lifestyle Guide","Beaverton is the heart of the Silicon Forest with a booming job market, affordable homes, and excellent schools. Here's your complete guide to living there.",,Community Page,Buying a Home,,https://www.sellingpdxhomes.com/blog?categoryId=22424,Published,living in Beaverton Oregon,City Guide: Beaverton,,,,,,,,,,,,
Blog,Gladstone,Discover Gladstone,https://www.sellingpdxhomes.com/blog/Discover-Gladstone-Oregon,,"Discover Gladstone, Oregon | Community & Real Estate Guide","Gladstone offers small-town warmth, river access, and home prices that still make sense. Here's what you need to know about this underrated Clackamas gem.",,Community Page,,,https://www.sellingpdxhomes.com/blog?categoryId=22424,Published,living in Gladstone Oregon,City Guide: Gladstone,,,,,,,,,,,,
Blog,Milwaukie,Discover Milwaukie,https://www.sellingpdxhomes.com/blog/discover-milwaukie-oregon,,"Discover Milwaukie, OR | Neighborhood & Real Estate","Milwaukie is one of Portland's best-kept secrets with riverfront access, a thriving downtown, and home prices below the inner eastside. Here's what to know.",,Community Page,,,https://www.sellingpdxhomes.com/blog?categoryId=22424,Published,living in Milwaukie Oregon,City Guide: Milwaukie,,,,,,,,,,,,
Blog,Sherwood,Discover Sherwood,https://www.sellingpdxhomes.com/blog/discover-sherwood-oregon,,"Moving to Sherwood, Oregon | Schools, Homes & Lifestyle","Sherwood is one of the top-rated cities for schools, parks, and community events near Portland. Great schools, quiet streets, and easy freeway access make it a top choice for buyers.",,Community Page,,,https://www.sellingpdxhomes.com/blog?categoryId=22424,Published,living in Sherwood Oregon,City Guide: Sherwood,,,,,,,,,,,,
Blog,Tualatin/Tigard,From Intel to Nike: Tech Corridor Property Values (Version 1),https://www.sellingpdxhomes.com/blog/From-Intel-to-Nike,,From Intel to Nike: How the Tech Corridor Reshapes Tualatin & Tigard Values,The West Side tech corridor from Intel to Nike is reshaping property values in Tualatin and Tigard. Here's what the data shows and what it means for buyers.,,Community Page,Real Estate News,,https://www.sellingpdxhomes.com/blog?categoryId=22424,Published,tech corridor property values Tualatin Tigard,City Guide: Tualatin,,,,,,,,,,,,
Blog,Lake Oswego,Lake Oswego Lifestyle,https://www.sellingpdxhomes.com/blog/lake-oswego-real-estate-lifestyle-guide,,Lake Oswego Real Estate & Lifestyle Guide | Oregon,"Lake Oswego offers some of the finest homes in the Portland metro with top schools, lake access, and a luxury lifestyle. Get the full guide to living there.",,Community Page,Buying a Home,,https://www.sellingpdxhomes.com/blog?categoryId=22424,Published,living in Lake Oswego Oregon,City Guide: Lake Oswego,,,,,,,,,,,,
Blog,Hillsboro,Moving to Hillsboro,https://www.sellingpdxhomes.com/blog/moving-to-hillsboro-oregon-guide,,"Moving to Hillsboro, Oregon: Everything You Need to Know","Hillsboro is Oregon's tech hub, and it's growing fast. Get the complete relocation guide covering neighborhoods, schools, commutes, and what homes cost here.",,Community Page,,,https://www.sellingpdxhomes.com/blog?categoryId=22424,Published,living in Hillsboro Oregon,City Guide: Hillsboro,,,,,,,,,,,,
Blog,Tigard,Moving to Tigard,https://www.sellingpdxhomes.com/blog/Are-You-Thinking-About-Moving-to-Tigard,,"Thinking About Moving to Tigard, OR? Read This First","Tigard offers great schools, Cook Park, and easy commutes at a lower price than Portland proper. Here's everything you need to know before moving there.",,Community Page,,,https://www.sellingpdxhomes.com/blog?categoryId=22424,Published,living in Tigard Oregon,City Guide: Tigard,,,,,,,,,,,,
Blog,Tualatin,Moving to Tualatin,https://www.sellingpdxhomes.com/blog/Are-You-Thinking-About-Moving-to-Tualatin,,"Moving to Tualatin, OR? Here's Your Complete Guide","Tualatin is one of the most underrated cities on the westside. Get the full scoop on neighborhoods, schools, commutes, and what homes actually cost here.",,Community Page,,,https://www.sellingpdxhomes.com/blog?categoryId=22424,Published,living in Tualatin Oregon,City Guide: Tualatin,,,,,,,,,,,,
Blog,West Linn,West Linn Guide,https://www.sellingpdxhomes.com/blog/west-linn-real-estate-guide,,"West Linn, Oregon Real Estate & Lifestyle Guide","West Linn is one of the most scenic communities near Portland with top schools, river views, and high demand. Here's the full guide to buying there.",,Community Page,Buying a Home,,https://www.sellingpdxhomes.com/blog?categoryId=22424,Published,living in West Linn Oregon,City Guide: West Linn,,,,,,,,,,,,
Blog,Blog,Downsize / Rightsize Your Life,https://www.sellingpdxhomes.com/blog/Downsize-Your-Home--Rightsize-Your-Life--How-to-Choose-the-Ideal-Smaller-Home,,"Downsize Your Home, Rightsize Your Life | Portland",Downsizing doesn't mean giving up the life you love. This guide helps Portland homeowners choose the right smaller home without sacrificing what matters most.,,Downsizing,Selling Your Home,,https://www.sellingpdxhomes.com/blog?categoryId=37278,Published,downsizing Portland Oregon,Downsizing Hub,,,,,,,,,,,,
Blog,Gifts,20 Unique Home Gifts,https://www.sellingpdxhomes.com/blog/20-Unique-Home-Gifts-for-Every-Person-on-Your-List,,20 Unique Home Gifts for Every Homeowner on Your List,"Stuck on gift ideas for the homeowner in your life? These 20 picks range from practical to fun and are perfect for new owners, renovators, and design lovers.",,Homeownership,,,https://www.sellingpdxhomes.com/blog?categoryId=21721,Published,home gift ideas,Homeowner Resources,,,,,,,,,,,,
Blog,Blog,New Year Goals,https://www.sellingpdxhomes.com/blog/New-Year--New-Home---Set-Homeownership-Goals-Whether-You-re-Buying--Selling--or-Staying-Put,,New Year Real Estate Goals for Portland Homeowners,"Whether you're buying, selling, or staying put, the new year is the perfect time to set real estate goals. Here's how to make this the year you take action.",,Homeownership,,,https://www.sellingpdxhomes.com/blog?categoryId=21721,Published,homeowner goals new year,Homeowner Resources,,,,,,,,,,,,
Blog,Blog,Portland Homeowner Tax Deductions 2026,https://www.sellingpdxhomes.com/blog/portland-homeowner-tax-deductions-2026,,Portland Homeowner Tax Deductions 2026: New Tax Law Changes | Saling Homes,"What changed for Portland homeowners in 2026? Updated SALT cap, PMI deduction revival, and Oregon-specific tax breaks. Maximize your savings this tax season.",,Homeownership,Real Estate News,,https://www.sellingpdxhomes.com/blog?categoryId=21721,Published,Portland homeowner tax deductions 2026,Homeowner Resources,,,,,,,,,,,,
Blog,Blog,Pro Tips for a Smooth Move,https://www.sellingpdxhomes.com/blog/10-Pro-Tips-for-a-Smooth-Home-Move,,"10 Pro Tips for a Stress-Free Home Move | Portland, OR","Moving is stressful, but it doesn't have to be chaotic. These 10 pro tips keep your Portland move organized, on budget, and as smooth as possible.",,Homeownership,Buying a Home,,https://www.sellingpdxhomes.com/blog?categoryId=21721,Published,moving tips Portland,Homeowner Resources,,,,,,,,,,,,
Blog,Gifts,Smart Home Holiday Gadgets,https://www.sellingpdxhomes.com/blog/smart-home-gadgets-holiday-season,,Best Smart Home Holiday Gifts for Homeowners 2024,Shopping for a homeowner this season? These smart home upgrades make great gifts and genuinely add value to the home. Here are our top picks for 2024.,,Homeownership,,,https://www.sellingpdxhomes.com/blog?categoryId=21721,Published,smart home gadgets gifts,Homeowner Resources,,,,,,,,,,,,
Blog,Blog,Tax Deductions 2025,https://www.sellingpdxhomes.com/blog/homeowner-tax-deductions-credits-2025,,Oregon Homeowner Tax Deductions & Credits 2025,Don't leave money on the table. These are the most valuable tax deductions and credits available to Oregon homeowners for the 2025 filing season.,,Homeownership,,,https://www.sellingpdxhomes.com/blog?categoryId=21721,Published,Portland homeowner tax deductions 2025,Homeowner Resources,,,,,,,,,,,,
Blog,Blog,2026 Home Design Trends,https://www.sellingpdxhomes.com/blog/Home-Design-Trends-Buyers-in-Portland-Are-Prioritizing-in-2026,,2026 Home Design Trends Portland Buyers Want Most,"What features are Portland buyers prioritizing in 2026? From functional floor plans to sustainable finishes, here's what's driving purchase decisions right now.",,Increasing Your Homes Value,Buying a Home,,https://www.sellingpdxhomes.com/blog?categoryId=21720,Published,home design trends 2026,Seller Education Hub,,,,,,,,,,,,
Blog,Remodels,Highest ROI Remodels,https://www.sellingpdxhomes.com/blog/4-Home-Remodeling-Projects-with-the-Highest-ROI,,4 Home Remodels With the Highest ROI in Portland,"Not every renovation pays off at closing. These 4 projects consistently deliver the best return on investment for Portland-area sellers, backed by real data.",,Increasing Your Homes Value,Selling Your Home,,https://www.sellingpdxhomes.com/blog?categoryId=21720,Published,highest ROI remodels,Seller Education Hub,,,,,,,,,,,,
Blog,Market Update,April 2025 Market Update,https://www.sellingpdxhomes.com/blog/april-2025-portland-metro-real-estate-market-update,,April 2025 Portland Real Estate Market Update,"Get the April 2025 Portland housing market report covering spring buyer behavior, new listing activity, and where competition is hottest across the metro.",,Market Update,,,https://www.sellingpdxhomes.com/blog?categoryId=57180,Published,Portland real estate market update April 2025,Market Data Hub,,,,,,,,,,,,
Blog,Market Update,Aug 2025 Market Update,https://www.sellingpdxhomes.com/blog/august-2025-portland-metro-real-estate-market-update,,August 2025 Portland Real Estate Market Update,Get the August 2025 Portland housing market report covering mid-summer pricing and speed-of-sale metrics for homes across the Portland metro area.,,Market Update,,,https://www.sellingpdxhomes.com/blog?categoryId=57180,Published,Portland real estate market update August 2025,Market Data Hub,,,,,,,,,,,,
Blog,Blog,Buyer/Seller Balance Flip,https://www.sellingpdxhomes.com/blog/Buyer-Seller-Balance-Flipped-What-It-Means-Portland-Buyers,,Portland Market Balance Shift: What Buyers Should Know,The buyer-seller balance in Portland has changed. Find out what that shift means for your negotiating power and how to use it to your advantage in 2026.,,Market Update,Buying a Home,,https://www.sellingpdxhomes.com/blog?categoryId=57180,Published,Portland buyer seller market,Market Data Hub,,,,,,,,,,,,
Blog,Market Update,Dec 2025 Market Update,https://www.sellingpdxhomes.com/blog/december-2025-portland-metro-real-estate-market-update,,December 2025 Portland Real Estate Market Update,"Get the December 2025 Portland housing market report covering year-end home prices, sales volume, and what the holiday slowdown tells us heading into the...",,Market Update,,,https://www.sellingpdxhomes.com/blog?categoryId=57180,Published,Portland real estate market update December 2025,Market Data Hub,,,,,,,,,,,,
Blog,Market Update,Feb 2025 Market Update,https://www.sellingpdxhomes.com/blog/february-2025-portland-metro-real-estate-market-update,,February 2025 Portland Real Estate Market Update,Get the February 2025 Portland housing market report covering late winter market activity picking up and what buyers need to do now to prepare for spring.,,Market Update,,,https://www.sellingpdxhomes.com/blog?categoryId=57180,Published,Portland real estate market update February 2025,Market Data Hub,,,,,,,,,,,,
Blog,Market Update,Jan 2025 Market Update,https://www.sellingpdxhomes.com/blog/january-2025-portland-metro-real-estate-market-update,,January 2025 Portland Real Estate Market Update,"Get the January 2025 Portland housing market report covering economic outlook, inventory projections, and what buyers and sellers should expect for the full...",,Market Update,,,https://www.sellingpdxhomes.com/blog?categoryId=57180,Published,Portland real estate market update January 2025,Market Data Hub,,,,,,,,,,,,
Blog,Market Update,Jan 2026 Market Update,https://www.sellingpdxhomes.com/blog/january-2026-portland-metro-real-estate-market-update,,January 2026 Portland Real Estate Market Update,"Where does the Portland housing market stand right now? Get current data on home prices, inventory levels, and interest rates to make a confident move in 2026.",,Market Update,,,https://www.sellingpdxhomes.com/blog?categoryId=57180,Published,Portland real estate market update January 2026,Market Data Hub,,,,,,,,,,,,
Blog,Market Update,July 2025 Market Update,https://www.sellingpdxhomes.com/blog/July-2025-Portland-Metro-Real-Estate-Market-Update,,July 2025 Portland Real Estate Market Update,Get the July 2025 Portland housing market report covering buyer competition at its peak and how interest rate shifts are impacting home prices across the metro.,,Market Update,,,https://www.sellingpdxhomes.com/blog?categoryId=57180,Published,Portland real estate market update July 2025,Market Data Hub,,,,,,,,,,,,
Blog,Market Update,June 2025 Market Update,https://www.sellingpdxhomes.com/blog/june-2025-portland-metro-real-estate-market-update,,June 2025 Portland Real Estate Market Update,"Get the June 2025 Portland housing market report covering early summer inventory surges, neighborhood price shifts, and what buyers should know right now.",,Market Update,,,https://www.sellingpdxhomes.com/blog?categoryId=57180,Published,Portland real estate market update June 2025,Market Data Hub,,,,,,,,,,,,
Blog,Market Update,March 2025 Market Update,https://www.sellingpdxhomes.com/blog/march-2025-portland-metro-real-estate-market-update,,March 2025 Portland Real Estate Market Update,"Get the March 2025 Portland housing market report covering rising sales volume, shifting mortgage rates, and what that means if you're planning a move.",,Market Update,,,https://www.sellingpdxhomes.com/blog?categoryId=57180,Published,Portland real estate market update March 2025,Market Data Hub,,,,,,,,,,,,
Blog,Market Update,May 2025 Market Update,https://www.sellingpdxhomes.com/blog/may-2025-portland-metro-real-estate-market-update,,May 2025 Portland Real Estate Market Update,"Get the May 2025 Portland housing market report covering spring inventory growth, offer activity, and how the market is responding to new listings.",,Market Update,,,https://www.sellingpdxhomes.com/blog?categoryId=57180,Published,Portland real estate market update May 2025,Market Data Hub,,,,,,,,,,,,
Blog,Market Update,Nov 2025 Market Update,https://www.sellingpdxhomes.com/blog/november-2025-portland-metro-real-estate-market-update,,November 2025 Portland Real Estate Market Update,"Get the November 2025 Portland housing market report covering Portland-area inventory, buyer demand, and median sale prices shifted as the fall season wound...",,Market Update,,,https://www.sellingpdxhomes.com/blog?categoryId=57180,Published,Portland real estate market update November 2025,Market Data Hub,,,,,,,,,,,,
Blog,Market Update,Oct 2025 Market Update,https://www.sellingpdxhomes.com/blog/october-2025-portland-metro-real-estate-market-update,,October 2025 Portland Real Estate Market Update,"Get the October 2025 Portland housing market report covering active listings, sales volume, and what buyers and sellers need to know as fall price...",,Market Update,,,https://www.sellingpdxhomes.com/blog?categoryId=57180,Published,Portland real estate market update October 2025,Market Data Hub,,,,,,,,,,,,
Blog,Market Update,Sept 2025 Market Update,https://www.sellingpdxhomes.com/blog/september-2025-portland-metro-real-estate-market-update,,September 2025 Portland Real Estate Market Update,Get the September 2025 Portland housing market report covering late summer inventory levels and what the data tells us heading into the fall season.,,Market Update,,,https://www.sellingpdxhomes.com/blog?categoryId=57180,Published,Portland real estate market update September 2025,Market Data Hub,,,,,,,,,,,,
Blog,Market Update,State of Real Estate 2022,https://www.sellingpdxhomes.com/blog/Higher-Rates-and-Short-Supply--The-State-of-Real-Estate-in-2022,,Portland Real Estate 2022: Higher Rates & Short Supply,Higher rates and low supply defined 2022. This breakdown helps buyers and sellers understand the market shift that changed Portland real estate that year.,,Market Update,Real Estate News,,https://www.sellingpdxhomes.com/blog?categoryId=57180,Published,Portland real estate market 2022,Market Data Hub,,,,,,,,,,,,
Blog,Market Update,The 2025 Real Estate Report,https://www.sellingpdxhomes.com/blog/The-2025-Real-Estate-Report,,The 2025 Portland Real Estate Annual Report,"Get the complete 2025 Portland real estate outlook in one place. Trends, forecasts, and what buyers and sellers need to know to navigate the year ahead.",,Market Update,Real Estate News,,https://www.sellingpdxhomes.com/blog?categoryId=57180,Published,Portland real estate market forecast 2025,Market Data Hub,,,,,,,,,,,,
Blog,Blog,The Two Big Market Issues,https://www.sellingpdxhomes.com/blog/The-Two-Big-Issues-the-Housing-Market-s-Facing-Right-Now,,"Two Big Housing Market Challenges | Portland, OR",Low inventory and affordability are the two forces reshaping Portland real estate right now. Here's what they mean for buyers and sellers in today's market.,,Market Update,Real Estate News,,https://www.sellingpdxhomes.com/blog?categoryId=57180,Published,Portland housing market issues,Market Data Hub,,,,,,,,,,,,
Blog,Blog,Lower Your Mortgage Rate,https://www.sellingpdxhomes.com/blog/8-Strategies-to-Secure-a-Lower-Mortgage-Rate,,8 Strategies to Get a Lower Mortgage Rate in Oregon,A lower rate saves thousands over the life of your loan. These 8 strategies help Portland buyers lock in better rates before they go under contract.,,Mortgage Information,Buying a Home,,https://www.sellingpdxhomes.com/blog?categoryId=21718,Published,lower mortgage rate Portland,Buyer Education Hub,,,,,,,,,,,,
Blog,Blog,7 Data Points on Affordability,https://www.sellingpdxhomes.com/blog/Before-You-Believe-the-Doomers-Read-These-7-Data-Points-on-Housing-Affordability,,7 Data Points That Disprove Housing Market Doom,"Before you write off buying a home, read these 7 data points. The Portland market is more resilient than the headlines suggest, and the numbers prove it.",,Real Estate News,Buying a Home,,https://www.sellingpdxhomes.com/blog?categoryId=21713,Published,housing affordability data,Industry Insights,,,,,,,,,,,,
Blog,Blog,Fall in Love with Ownership,https://www.sellingpdxhomes.com/blog/Why-It-s-Easy-To-Fall-in-Love-with-Homeownership,,Why Homeownership in Portland Is Worth It,"Renting feels safe, but homeownership builds real wealth. Here's why owning a home in Portland still makes long-term financial and emotional sense.",,Real Estate News,Homeownership,,https://www.sellingpdxhomes.com/blog?categoryId=21713,Published,benefits of homeownership,Industry Insights,,,,,,,,,,,,
Blog,Blog,Why 40% are Mortgage Free,https://www.sellingpdxhomes.com/blog/Why-40-Percent-of-Homeowners-Are-Mortgage-Free-and-What-It-Means-for-You,,Why 40% of Homeowners Have No Mortgage | Portland,"40% of Oregon homeowners own their home free and clear. Here's why that matters for buyers, sellers, and what it signals about long-term real estate stability.",,Real Estate News,Mortgage Information,,https://www.sellingpdxhomes.com/blog?categoryId=21713,Published,mortgage free homeowners,Industry Insights,,,,,,,,,,,,
Blog,Blog,Avoid Costly Seller Mistakes,https://www.sellingpdxhomes.com/blog/7-Costly-Mistakes-Home-Sellers-Make-And-How-to-Avoid-Them,,7 Costly Seller Mistakes and How to Avoid Them,Sellers leave money on the table every day with these avoidable mistakes. Here's what not to do when listing your Portland home if you want top dollar.,,Selling Your Home,,,https://www.sellingpdxhomes.com/blog?categoryId=21714,Published,selling home mistakes Portland,Seller Education Hub,,,,,,,,,,,,
Blog,Selling,Expert Selling Advice,https://www.sellingpdxhomes.com/blog/An-Expert-Makes-All-the-Difference-When-You-Sell-Your-House,,Why Expert Representation Matters When You Sell,Selling without expert help can cost you thousands. Here's exactly how professional representation protects your equity and bottom line in Portland.,,Selling Your Home,,,https://www.sellingpdxhomes.com/blog?categoryId=21714,Published,selling home Portland tips,Seller Education Hub,,,,,,,,,,,,
Blog,Blog,Home Improvements for Highest ROI,https://www.sellingpdxhomes.com/blog/Home-Improvements-That-Add-Most-Value-Before-Selling-Portland,,Best Home Improvements to Increase Value in Portland,"Not all renovations pay off. These are the specific upgrades Portland sellers use to get higher offers and faster closings, backed by local market data.",,Selling Your Home,Increasing Your Homes Value,,https://www.sellingpdxhomes.com/blog?categoryId=21714,Published,home improvements ROI Portland,Seller Education Hub,,,,,,,,,,,,
Blog,Blog,Maximize Sale Price Tips,https://www.sellingpdxhomes.com/blog/7-Tips-to-Maximize-Your-Homes-Sale-Price,,7 Tips to Maximize Your Portland Home's Sale Price,Ready to sell? These 7 proven strategies drive up your final sale price and attract stronger offers in the competitive Portland metro market.,,Selling Your Home,,,https://www.sellingpdxhomes.com/blog?categoryId=21714,Published,maximize home sale price Portland,Seller Education Hub,,,,,,,,,,,,
Blog,Seller,Seller's Prep Timeline,https://www.sellingpdxhomes.com/blog/Seller-s-Checklist--A-Timeline-to-Prep-Your-Home-for-Sale,,Seller Checklist: Timeline to Prep Your Home for Sale,Start months before you list. This step-by-step prep timeline walks Portland homeowners through every stage from decluttering to final staging before going...,,Selling Your Home,Home Buying Process,,https://www.sellingpdxhomes.com/blog?categoryId=21714,Published,home selling timeline Portland,Seller Education Hub,,,,,,,,,,,,
Blog,Selling,Spring Market: Sell Now,https://www.sellingpdxhomes.com/blog/Spring-Real-Estate-Market--The-Perfect-Opportunity-to-Sell-Your-Home,,Why Spring Is the Best Time to Sell in Portland,Spring buyers are motivated and inventory is still catching up. Here's why listing your Portland home in spring gives sellers a real pricing advantage.,,Selling Your Home,Market Update,,https://www.sellingpdxhomes.com/blog?categoryId=21714,Published,sell home spring Portland,Seller Education Hub,,,,,,,,,,,,
Blog,Blog,Stage to Sell: 7 Steps,https://www.sellingpdxhomes.com/blog/Stage-to-Sell--7-Proven-Steps-to-Attract-Buyers-and-Boost-Offers,,Stage to Sell: 7 Steps to Attract More Offers,Good staging sells homes faster and for more money. These 7 proven steps help Portland sellers attract serious buyers and drive up their final sale price.,,Selling Your Home,Increasing Your Homes Value,,https://www.sellingpdxhomes.com/blog?categoryId=21714,Published,home staging Portland,Seller Education Hub,,,,,,,,,,,,
Blog,Blog,Things Homebuyers Don't Care About,https://www.sellingpdxhomes.com/blog/Things-Homebuyers-Dont-Care-About,,Home Upgrades Buyers Don't Actually Care About,Thinking about renovating before you sell? Stop. Some upgrades waste thousands without moving the needle. Here's what Portland buyers actually ignore.,,Selling Your Home,Buying a Home,,https://www.sellingpdxhomes.com/blog?categoryId=21714,Published,what buyers look for Portland,Seller Education Hub,,,,,,,,,,,,
