CITY GUIDE PAGES: Hub Pages for Each Portland Metro City,,,,,,,,,,,,,,,,,,,,,,,,,
"Full-page city guides at /living-in-[city]-oregon. These are the HUB in hub-and-spoke architecture. Every neighborhood guide, blog post, and market report links back here. Planned guides (orange) sort to top as to-do items.",,,,,,,,,,,,,,,,,,,,,,,,,
Category,City/Location Segment,Full URL,Meta Title,Meta Keywords,Meta Description,Status,,,,,,,,,,,,,,,,,,,
City Guide,Living in Aloha,https://www.sellingpdxhomes.com/living-in-aloha-oregon,"Living in Aloha, Oregon | Homes, Schools & Community","living in Aloha Oregon, Aloha Oregon homes for sale, Aloha real estate, Aloha community","Thinking about moving to Aloha, OR? Joe Saling covers the neighborhoods, schools, home prices, and what daily life looks like in this westside community.",Planned,,,,,,,,,,,,,,,,,,,
City Guide,Living in Beaverton,https://www.sellingpdxhomes.com/living-in-beaverton-oregon,"Living in Beaverton, Oregon | Neighborhoods & Real Estate","living in Beaverton Oregon, Beaverton Oregon homes for sale, Beaverton real estate, Beaverton neighborhoods","Considering a move to Beaverton? Joe Saling breaks down the neighborhoods, schools, tech job access, and home prices so you can decide if Beaverton fits.",Planned,,,,,,,,,,,,,,,,,,,
City Guide,Living in Clackamas,https://www.sellingpdxhomes.com/living-in-clackamas-oregon,"Living in Clackamas, Oregon | Neighborhoods & Home Prices","living in Clackamas Oregon, Clackamas Oregon homes for sale, Clackamas real estate, Clackamas neighborhoods","Is Clackamas right for you? Joe Saling walks you through the neighborhoods, schools, commute times, and what homes cost in this eastside hub.",Planned,,,,,,,,,,,,,,,,,,,
City Guide,Living in Damascus,https://www.sellingpdxhomes.com/living-in-damascus-oregon,"Living in Damascus, Oregon | Homes, Land & Lifestyle","living in Damascus Oregon, Damascus Oregon homes for sale, Damascus real estate, Damascus acreage","Curious about Damascus, OR? Joe Saling covers the rural character, lot sizes, home prices, and what life looks like on the edge of the Portland metro.",Planned,,,,,,,,,,,,,,,,,,,
City Guide,Living in East Portland,https://www.sellingpdxhomes.com/living-in-east-portland-oregon,Living in East Portland | Neighborhoods & Home Prices,"living in East Portland Oregon, East Portland homes for sale, East Portland real estate, East Portland neighborhoods","Exploring East Portland? Joe Saling breaks down the neighborhoods, transit access, and home prices in the city's most affordable quadrant.",Planned,,,,,,,,,,,,,,,,,,,
City Guide,Living in Fairview,https://www.sellingpdxhomes.com/living-in-fairview-oregon,"Living in Fairview, Oregon | Homes, Parks & Community","living in Fairview Oregon, Fairview Oregon homes for sale, Fairview real estate, Fairview Blue Lake","Thinking about Fairview, OR? Joe Saling covers the lakefront living, quiet streets, home prices, and what makes this small eastside city a smart buy.",Planned,,,,,,,,,,,,,,,,,,,
City Guide,Living in Forest Grove,https://www.sellingpdxhomes.com/living-in-forest-grove-oregon,"Living in Forest Grove, Oregon | Homes & Wine Country","living in Forest Grove Oregon, Forest Grove homes for sale, Forest Grove real estate, Forest Grove neighborhoods","Considering Forest Grove? Joe Saling walks you through the college-town vibe, wine country access, and home prices in this westside hidden gem.",Planned,,,,,,,,,,,,,,,,,,,
City Guide,Living in Gresham,https://www.sellingpdxhomes.com/living-in-gresham-oregon,"Living in Gresham, Oregon | Neighborhoods & Real Estate","living in Gresham Oregon, Gresham Oregon homes for sale, Gresham real estate, Gresham neighborhoods","Is Gresham the right fit? Joe Saling breaks down the neighborhoods, MAX access, schools, and home prices in Portland's largest eastside suburb.",Planned,,,,,,,,,,,,,,,,,,,
City Guide,Living in Happy Valley,https://www.sellingpdxhomes.com/living-in-happy-valley-oregon,"Living in Happy Valley, Oregon | Schools, Homes & Views","living in Happy Valley Oregon, Happy Valley homes for sale, Happy Valley real estate, Happy Valley schools","Thinking about Happy Valley? Joe Saling covers the top schools, newer homes, Mt. Hood views, and what drives families to this fast-growing Oregon city.",Planned,,,,,,,,,,,,,,,,,,,
City Guide,Living in Hillsboro,https://www.sellingpdxhomes.com/living-in-hillsboro-oregon,"Living in Hillsboro, Oregon | Tech Jobs, Homes & Schools","living in Hillsboro Oregon, Hillsboro Oregon homes for sale, Hillsboro real estate, Hillsboro neighborhoods","Considering Hillsboro? Joe Saling covers the tech job market, neighborhoods from Orenco to South Hillsboro, schools, and what homes cost here.",Planned,,,,,,,,,,,,,,,,,,,
City Guide,Living in Lake Oswego,https://www.sellingpdxhomes.com/living-in-lake-oswego-oregon,"Living in Lake Oswego, Oregon | Schools, Homes & Luxury","living in Lake Oswego Oregon, Lake Oswego homes for sale, Lake Oswego real estate, Lake Oswego schools","Is Lake Oswego right for you? Joe Saling breaks down the schools, lake access, luxury market, and what makes LO one of Oregon's top addresses.",Planned,,,,,,,,,,,,,,,,,,,
City Guide,Living in Milwaukie,https://www.sellingpdxhomes.com/living-in-milwaukie-oregon,"Living in Milwaukie, Oregon | Transit, Homes & Community","living in Milwaukie Oregon, Milwaukie Oregon homes for sale, Milwaukie real estate, Milwaukie neighborhoods","Curious about Milwaukie, OR? Joe Saling covers the MAX access, riverfront charm, home prices, and why this city is one of the metro's best values.",Planned,,,,,,,,,,,,,,,,,,,
City Guide,Living in North Portland,https://www.sellingpdxhomes.com/living-in-north-portland-oregon,Living in North Portland | Neighborhoods & Real Estate,"living in North Portland Oregon, North Portland homes for sale, N Portland real estate, North Portland neighborhoods","Exploring North Portland? Joe Saling walks you through St. Johns, Kenton, Mississippi, and more so you know which N Portland neighborhood fits.",Planned,,,,,,,,,,,,,,,,,,,
City Guide,Living in Northeast Portland,https://www.sellingpdxhomes.com/living-in-northeast-portland-oregon,Living in NE Portland | Neighborhoods & Real Estate,"living in NE Portland Oregon, Northeast Portland homes for sale, NE Portland real estate, NE Portland neighborhoods","Considering NE Portland? Joe Saling covers Irvington, Alberta, Alameda, and every NE neighborhood so you can find the right fit for your budget.",Planned,,,,,,,,,,,,,,,,,,,
City Guide,Living in Northwest Portland,https://www.sellingpdxhomes.com/living-in-northwest-portland-oregon,"Living in NW Portland | Pearl, Nob Hill & West Hills","living in NW Portland Oregon, Northwest Portland homes for sale, NW Portland real estate, Pearl District condos","Thinking about NW Portland? Joe Saling breaks down the Pearl District, Nob Hill, Forest Park, and what makes this walkable quadrant so popular.",Planned,,,,,,,,,,,,,,,,,,,
City Guide,Living in Oregon City,https://www.sellingpdxhomes.com/living-in-oregon-city-oregon,"Living in Oregon City, Oregon | History, Homes & Schools","living in Oregon City Oregon, Oregon City homes for sale, Oregon City real estate, Oregon City neighborhoods","Considering Oregon City? Joe Saling covers the historic districts, hilltop neighborhoods, Willamette Falls, and what homes cost in this storied city.",Planned,,,,,,,,,,,,,,,,,,,
City Guide,Living in Portland,https://www.sellingpdxhomes.com/living-in-portland-oregon,"Living in Portland, Oregon | Neighborhoods & Home Prices","living in Portland Oregon, Portland Oregon homes for sale, Portland real estate, Portland neighborhoods guide","Thinking about Portland, OR? Joe Saling covers every quadrant, the best neighborhoods, home prices, and what daily life really looks like in the city.",Planned,,,,,,,,,,,,,,,,,,,
City Guide,Living in Sherwood,https://www.sellingpdxhomes.com/living-in-sherwood-oregon,"Living in Sherwood, Oregon | Schools, Homes & Families","living in Sherwood Oregon, Sherwood Oregon homes for sale, Sherwood real estate, Sherwood schools","Is Sherwood right for your family? Joe Saling covers the schools, neighborhoods, wine country access, and home prices in this well-rated for schools and parks city.",Planned,,,,,,,,,,,,,,,,,,,
City Guide,Living in South Portland,https://www.sellingpdxhomes.com/living-in-south-portland-oregon,Living in South Portland | Neighborhoods & Real Estate,"living in South Portland Oregon, South Portland homes for sale, South Portland real estate, South Waterfront condos","Exploring South Portland? Joe Saling walks you through South Waterfront, Lair Hill, and surrounding areas so you can decide if this pocket fits.",Planned,,,,,,,,,,,,,,,,,,,
City Guide,Living in Southeast Portland,https://www.sellingpdxhomes.com/living-in-southeast-portland-oregon,Living in SE Portland | Neighborhoods & Real Estate,"living in SE Portland Oregon, Southeast Portland homes for sale, SE Portland real estate, SE Portland neighborhoods","Considering SE Portland? Joe Saling breaks down Hawthorne, Sellwood, Division, and every SE neighborhood to help you find the right home.",Planned,,,,,,,,,,,,,,,,,,,
City Guide,Living in Southwest Portland,https://www.sellingpdxhomes.com/living-in-southwest-portland-oregon,"Living in SW Portland | West Hills, Villages & Homes","living in SW Portland Oregon, Southwest Portland homes for sale, SW Portland real estate, Multnomah Village homes","Thinking about SW Portland? Joe Saling covers Multnomah Village, the West Hills, Hillsdale, and what makes this wooded quadrant stand apart.",Planned,,,,,,,,,,,,,,,,,,,
City Guide,Living in Tigard,https://www.sellingpdxhomes.com/living-in-tigard-oregon,"Living in Tigard, Oregon | Neighborhoods, Schools & Homes","living in Tigard Oregon, Tigard Oregon homes for sale, Tigard real estate, Tigard neighborhoods","Thinking about Tigard, OR? Joe Saling breaks down the neighborhoods, schools, commute times, and home prices so you know what to expect before you buy.",Published,,,,,,,,,,,,,,,,,,,
City Guide,Living in Troutdale,https://www.sellingpdxhomes.com/living-in-troutdale-oregon,"Living in Troutdale, Oregon | Gorge Access & Real Estate","living in Troutdale Oregon, Troutdale Oregon homes for sale, Troutdale real estate, Troutdale Columbia Gorge","Curious about Troutdale? Joe Saling covers the Columbia Gorge access, McMenamins Edgefield, and home prices in this gateway city.",Planned,,,,,,,,,,,,,,,,,,,
City Guide,Living in Tualatin,https://www.sellingpdxhomes.com/living-in-tualatin-oregon,"Living in Tualatin, Oregon | Schools, Parks & Home Prices","living in Tualatin Oregon, Tualatin Oregon homes for sale, Tualatin real estate, Tualatin neighborhoods","Is Tualatin the right move? Joe Saling covers the parks, school quality, I-5 commute, and home prices in one of the westside's most underrated suburbs.",Planned,,,,,,,,,,,,,,,,,,,
City Guide,Living in West Linn,https://www.sellingpdxhomes.com/living-in-west-linn-oregon,"Living in West Linn, Oregon | Schools, Views & Real Estate","living in West Linn Oregon, West Linn Oregon homes for sale, West Linn real estate, West Linn schools","Thinking about West Linn? Joe Saling breaks down the bluff-top neighborhoods, top schools, river access, and what homes cost in this scenic city.",Planned,,,,,,,,,,,,,,,,,,,
