LANDING PAGES: Lead Capture & Conversion Pages,,,,,,,,,,,,,,,,,,,,,,,,,
"Downsizing, listing alert, and specialty landing pages designed for lead capture. These support PPC campaigns and targeted content funnels.",,,,,,,,,,,,,,,,,,,,,,,,,
Category,City/Location Segment,Article Title,Full URL,Meta Title,Meta Keywords,Meta Description,Status,,,,,,,,,,,,,,,,,,
Downsizing,Clackamas County,Clackamas Co Downsizing Condos,https://www.sellingpdxhomes.com/listing/condos/clackamas-downsizing,"Downsizing Homes in Clackamas County, Oregon",,Clackamas County has excellent options for buyers looking to downsize. Browse single-level condos and smaller homes near Lake Oswego and Happy Valley.,Published,,,,,,,,,,,,,,,,,,
Downsizing,Washington County,Washington Co Downsizing Condos,https://www.sellingpdxhomes.com/listing/condos/washington-downsizing,"Downsizing Condos in Washington County, Oregon",,Find low-maintenance condos and smaller homes in Washington County perfect for downsizing. Simplify your lifestyle without leaving the westside.,Published,,,,,,,,,,,,,,,,,,
Downsizing,Multnomah County,Multnomah Co Downsizing Condos,https://www.sellingpdxhomes.com/listing/condos/multnomah-downsizing,Downsizing Homes & Condos in Multnomah County,,"Find manageable condos and smaller homes for downsizing in Multnomah County. Explore Portland-area options that fit a simpler, lower-maintenance lifestyle.",Published,,,,,,,,,,,,,,,,,,
Downsizing,Downsizing,Downsizing Master Hub,https://www.sellingpdxhomes.com/downsizing,Downsizing Guide for Portland Homeowners | Joe Saling,,"Thinking about downsizing in the Portland area? This hub connects you to guides, listings, and expert advice to make your transition to a smaller home smooth.",Published,,,,,,,,,,,,,,,,,,
Downsizing,Washington County,Washington County 55+,https://www.sellingpdxhomes.com/listing/55-plus-homes/washington-county,"55+ Communities in Washington County, Oregon",,"Discover age-restricted 55+ communities and senior-friendly homes in Washington County near Beaverton, Tigard, and Hillsboro.",Published,,,,,,,,,,,,,,,,,,
Downsizing,Clackamas County,Clackamas County 55+,https://www.sellingpdxhomes.com/listing/55-plus-homes/clackamas-county,"55+ Senior Communities in Clackamas County, OR",,"Find 55+ and active adult communities in Clackamas County near Lake Oswego, Happy Valley, and Oregon City. Senior-friendly housing that fits your next chapter.",Published,,,,,,,,,,,,,,,,,,
Downsizing,Multnomah County,Multnomah County 55+,https://www.sellingpdxhomes.com/listing/55-plus-homes/multnomah-county,"55+ Senior Communities in Multnomah County, OR",,Find age-restricted and senior-friendly housing in Multnomah County. Browse 55+ communities in and around Portland with the amenities that matter most.,Published,,,,,,,,,,,,,,,,,,
Downsizing,Clackamas County,Clackamas County Downsizing Single Level,https://www.sellingpdxhomes.com/listing/single-level-home/clackamas-downsizing,Single-Level Downsizing Homes in Clackamas County,,"Browse single-level homes in Clackamas County perfect for downsizing. From ranch-style houses to accessible condos, find the right fit for your next chapter.",Published,,,,,,,,,,,,,,,,,,
Downsizing,Washington County,Washington County Downsizing Guide Single Level,https://www.sellingpdxhomes.com/listing/single-level-home/washington-downsizing,Single-Level Downsizing Homes in Washington County,,"Browse single-level homes in Washington County perfect for downsizing. From ranch-style houses to accessible condos, find the right fit for your next chapter.",Published,,,,,,,,,,,,,,,,,,
Downsizing,Multnomah County,Multonomah County Downsizing Single Level,https://www.sellingpdxhomes.com/listing/single-level-home/multnomah-downsizing,Single-Level Downsizing Homes in Multnomah County,,"Browse single-level homes in Multnomah County perfect for downsizing. From ranch-style houses to accessible condos, find the right fit for your next chapter.",Published,,,,,,,,,,,,,,,,,,
