MARKET SNAPSHOT PAGES: Live City-Level Market Data,,,,,,,,,,,,,,,,,,,,,,,,,
"Auto-updating market data widgets for each city. These provide real-time stats (median price, days on market, inventory) and support the Market Update content cluster.",,,,,,,,,,,,,,,,,,,,,,,,,
Category,City/Location Segment,Article Title,Full URL,Meta Title,Meta Keywords,Meta Description,Status,,,,,,,,,,,,,,,,,,
Market Analysis,Wilsonville,Wilsonville Snapshot,https://www.sellingpdxhomes.com/wilsonville_snapshot,Wilsonville Real Estate Market Data | Live Stats,,"See the latest Wilsonville real estate market stats including median home price, days on market, and active inventory. Updated regularly so you always have...",Published,,,,,,,,,,,,,,,,,,
Market Analysis,West Linn,West Linn Market Snapshot,https://www.sellingpdxhomes.com/west_linn_snapshot,West Linn Real Estate Market Data | Live Stats,,"See the latest West Linn real estate market stats including median home price, days on market, and active inventory. Updated regularly so you always have...",Published,,,,,,,,,,,,,,,,,,
Market Analysis,Tualatin,Tualatin Market Snapshot,https://www.sellingpdxhomes.com/tualatin_snapshot,Tualatin Real Estate Market Data | Live Stats,,"See the latest Tualatin real estate market stats including median home price, days on market, and active inventory. Updated regularly so you always have the...",Published,,,,,,,,,,,,,,,,,,
Market Analysis,Troutdale,Troutdale Snapshot,https://www.sellingpdxhomes.com/troutdale_snapshot,Troutdale Real Estate Market Data | Live Stats,,"See the latest Troutdale real estate market stats including median home price, days on market, and active inventory. Updated regularly so you always have...",Published,,,,,,,,,,,,,,,,,,
Market Analysis,Tigard,Tigard Market Snapshot,https://www.sellingpdxhomes.com/tigard_snapshot,Tigard Real Estate Market Data | Live Stats,,"See the latest Tigard real estate market stats including median home price, days on market, and active inventory. Updated regularly so you always have the...",Published,,,,,,,,,,,,,,,,,,
Market Analysis,Sherwood,Sherwood Market Snapshot,https://www.sellingpdxhomes.com/sherwood_snapshot,Sherwood Real Estate Market Data | Live Stats,,"See the latest Sherwood real estate market stats including median home price, days on market, and active inventory. Updated regularly so you always have the...",Published,,,,,,,,,,,,,,,,,,
Market Analysis,Portland,Portland Market Snapshot,https://www.sellingpdxhomes.com/portland_snapshot,Portland Real Estate Market Data | Live Stats,,"See the latest Portland real estate market stats including median home price, days on market, and active inventory. Updated regularly so you always have the...",Published,,,,,,,,,,,,,,,,,,
Market Analysis,Oregon City,Oregon City Market Snapshot,https://www.sellingpdxhomes.com/oregon_city_snapshot,Oregon City Real Estate Market Data | Live Stats,,"See the latest Oregon City real estate market stats including median home price, days on market, and active inventory. Updated regularly so you always have...",Published,,,,,,,,,,,,,,,,,,
Market Analysis,Milwaukie,Milwaukie Market Snapshot,https://www.sellingpdxhomes.com/milwaukie_snapshot,Milwaukie Real Estate Market Data | Live Stats,,"See the latest Milwaukie real estate market stats including median home price, days on market, and active inventory. Updated regularly so you always have...",Published,,,,,,,,,,,,,,,,,,
Market Analysis,Lake Oswego,Lake Oswego Market Snapshot,https://www.sellingpdxhomes.com/lake_oswego_snapshot,Lake Oswego Real Estate Market Data | Live Stats,,"See the latest Lake Oswego real estate market stats including median home price, days on market, and active inventory. Updated regularly so you always have...",Published,,,,,,,,,,,,,,,,,,
Market Analysis,Hillsboro,Hillsboro Market Snapshot,https://www.sellingpdxhomes.com/hillsboro_snapshot,Hillsboro Real Estate Market Data | Live Stats,,"See the latest Hillsboro real estate market stats including median home price, days on market, and active inventory. Updated regularly so you always have...",Published,,,,,,,,,,,,,,,,,,
Market Analysis,Happy Valley,Happy Valley Snapshot,https://www.sellingpdxhomes.com/happy_valley_snapshot,Happy Valley Real Estate Market Data | Live Stats,,"See the latest Happy Valley real estate market stats including median home price, days on market, and active inventory. Updated regularly so you always have...",Published,,,,,,,,,,,,,,,,,,
Market Analysis,Gresham,Gresham Market Snapshot,https://www.sellingpdxhomes.com/gresham_snapshot,Gresham Real Estate Market Data | Live Stats,,"See the latest Gresham real estate market stats including median home price, days on market, and active inventory. Updated regularly so you always have the...",Published,,,,,,,,,,,,,,,,,,
Market Analysis,Gladstone,Gladstone Market Snapshot,https://www.sellingpdxhomes.com/gladstone_snapshot,Gladstone Real Estate Market Data | Live Stats,,"See the latest Gladstone real estate market stats including median home price, days on market, and active inventory. Updated regularly so you always have...",Published,,,,,,,,,,,,,,,,,,
Market Analysis,Forest Grove,Forest Grove Snapshot,https://www.sellingpdxhomes.com/forest_grove_snapshot,Forest Grove Real Estate Market Data | Live Stats,,"See the latest Forest Grove real estate market stats including median home price, days on market, and active inventory. Updated regularly so you always have...",Published,,,,,,,,,,,,,,,,,,
Market Analysis,Damascus,Damascus Snapshot,https://www.sellingpdxhomes.com/damascus_snapshot,Damascus Real Estate Market Data | Live Stats,,"See the latest Damascus real estate market stats including median home price, days on market, and active inventory. Updated regularly so you always have the...",Published,,,,,,,,,,,,,,,,,,
Market Analysis,Clackamas,Clackamas Market Snapshot,https://www.sellingpdxhomes.com/clackamas_snapshot,Clackamas Real Estate Market Data | Live Stats,,"See the latest Clackamas real estate market stats including median home price, days on market, and active inventory. Updated regularly so you always have...",Published,,,,,,,,,,,,,,,,,,
Market Analysis,Beaverton,Beaverton Market Snapshot,https://www.sellingpdxhomes.com/beaverton_snapshot,Beaverton Real Estate Market Data | Live Stats,,"See the latest Beaverton real estate market stats including median home price, days on market, and active inventory. Updated regularly so you always have...",Published,,,,,,,,,,,,,,,,,,
